https://www.dhl.com/de-en/home/customer-service.html,33
https://www.dhl.com/de-en/home/get-a-quote.html,33
https://www.dhl.com/us-en/home/request-a-business-account.html?cid=2Ly9tbBg,41
https://www.dhl.com/de-en/home/tracking.html?tracking-id=awb&submit=1&inputsource=flyout,30
https://www.dhl.com/de-en/home/auto-mobility-logistics.html,50
https://www.dhl.com/de-en/home/press.html,31
https://www.dhl.com/de-en/home/sustainability.html,42
https://www.dhl.com/de-en/home/login.html,30
https://www.dhl.com/de-en/home/footer/privacy-notice.html,47
https://www.dhl.com/de-en/home/search.html,30
https://www.dhl.com/us-en/home/ecommerce/business-help-center.html,47
https://www.dhl.com/us-en/home/ecommerce/business-help-center/dhl-ecommerce-faq-for-business-shipping.html,40
https://www.dhl.com/at-en/home/freight/help-center-for-european-road-and-rail/help-with-mydhlfreight.html ,50
https://group.dhl.com/en.html,252
https://group.dhl.com/en/media-relations/press-releases.html,245
https://group.dhl.com/en/media-relations/press-releases/2024/dhl-group-itf-and-uni-adopt-new-oecd-protocol.html,239
https://group.dhl.com/en/media-relations/media-library.html#/ ,242
https://group.dhl.com/en/investors/key-figures.html#,241
https://www.dhl.com/fr-en/home/ecommerce/parcel-connect/contact-us.html,46
https://www.dhl.com/de-en/home/customer-service/contact-dhl-global-forwarding-about-a-shipment.html,31
https://www.dhl.com/de-en/home/global-forwarding/contact-our-freight-shipping-experts.html,63
https://www.dhl.com/de-en/home/supply-chain/about-us/careers-at-dhl-supply-chain/great-place-to-work-map.html,61
